<?xml version="1.0" encoding="UTF-8"?>
<PE_PROJECT_SETTINGS_DOCUMENTATION>
  <PE_product_version v="version 10.5 for Freescale Microcontrollers" />
  <PE_core_version v="Processor Expert Version 0521" />
  <CPU_Bean name="Cpu" type="MKL25Z128LK4">
    <Enabled v="Y" />
    <Properties>
      <Component_name v="Cpu" />
      <CPU_type v="MKL25Z128VLK4" />
      <Initialization_priority v="interrupts enabled" />
      <Watchdog_disable v="yes" />
      <group name="Internal peripherals">
        <EmptySection_DummyValue />
      </group>
      <group name="Low power mode settings">
        <EmptySection_DummyValue />
      </group>
      <list name="Clock configurations" v="1">
        <group name="Clock configuration 0">
          <boolgroup name="Very low power mode" v="Disabled" />
          <enumgroup name="Clock source setting" v="configuration 0">
            <MCG_mode v="FEI" />
            <MCG_output__MHz_ v="20.971520000000" />
            <MCGIRCLK_clock__MHz_ v="0.032768" />
            <OSCERCLK_clock__MHz_ v="0" />
            <ERCLK32K__clock__MHz_ v="0.001" />
            <MCGFFCLK__kHz_ v="32.768" />
          </enumgroup>
          <group name="System clocks">
            <Core_clock_prescaler v="Auto select" />
            <Core_clock v="20.971520000000" />
            <Bus_clock_prescaler v="Auto select" />
            <Bus_clock v="20.971520000000" />
            <enumgroup name="PLL/FLL clock selection" v="Auto select">
              <Clock_frequency__MHz_ v="20.971520000000" />
            </enumgroup>
            <enumgroup name="TPM clock selection" v="Auto select">
              <Clock_frequency__MHz_ v="20.971520000000" />
            </enumgroup>
          </group>
        </group>
      </list>
    </Properties>
    <Methods>
      <EmptySection_DummyValue />
    </Methods>
    <Events>
      <Event_module_name v="Events" />
    </Events>
    <Compiler v="GNU C Compiler" />
    <CompilerProperties>
      <Compiler v="GNU C Compiler" />
      <enumgroup name="Unhandled vectors" v="One handler for all">
        <Unhandled_int_code>
          <StrgList><![CDATA[/* This code can be changed using the CPU component property "Build Options / Unhandled int code" */
PE_DEBUGHALT();
]]></StrgList>
        </Unhandled_int_code>
      </enumgroup>
      <group name="User initialization">
        <User_data_declarations>
          <StrgList></StrgList>
        </User_data_declarations>
        <User_code_before_PE_initialization>
          <StrgList></StrgList>
        </User_code_before_PE_initialization>
        <User_code_after_PE_initialization>
          <StrgList></StrgList>
        </User_code_after_PE_initialization>
      </group>
      <boolgroup name="Generate debugger files" v="no" />
      <group name="Startup">
        <Add_startup_file v="yes" />
      </group>
      <boolgroup name="Generate linker file" v="yes">
        <Stack_size v="1024" />
        <Heap_size v="0" />
        <Set_memory_segments_to_default v="Click to set default &amp;gt;" />
        <Default_memory_for_interrupts v="INTERNAL FLASH" />
        <Default_memory_for_code v="INTERNAL FLASH" />
        <Default_memory_for_data v="INTERNAL RAM" />
        <list name="ROM/RAM Areas" v="4">
          <group name="MemoryArea0">
            <boolgroup name="ROM/RAM Area" v="Enabled">
              <Name v="m_interrupts" />
              <Qualifier v="RX" />
              <Address v="0" />
              <Size v="192" />
            </boolgroup>
          </group>
          <group name="MemoryArea1">
            <boolgroup name="ROM/RAM Area" v="Disabled" />
          </group>
          <group name="MemoryArea2">
            <boolgroup name="ROM/RAM Area" v="Enabled">
              <Name v="m_text" />
              <Qualifier v="RX" />
              <Address v="1040" />
              <Size v="130032" />
            </boolgroup>
          </group>
          <group name="MemoryArea3">
            <boolgroup name="ROM/RAM Area" v="Enabled">
              <Name v="m_data" />
              <Qualifier v="RW" />
              <Address v="536866816" />
              <Size v="16384" />
            </boolgroup>
          </group>
        </list>
      </boolgroup>
    </CompilerProperties>
  </CPU_Bean>
  <Bean name="AS1" type="Serial_LDD">
    <Enabled v="Y" />
    <Properties>
      <Component_name v="AS1" />
      <Device v="UART0" />
      <boolgroup name="Interrupt service/event" v="Enabled">
        <Interrupt_RxD v="INT_UART0" />
        <Interrupt_RxD_priority v="maximal priority" />
        <Interrupt_TxD v="INT_UART0" />
        <Interrupt_TxD_priority v="maximal priority" />
        <Interrupt_Error v="INT_UART0" />
        <Interrupt_Error_priority v="medium priority" />
      </boolgroup>
      <group name="Settings">
        <Data_width v="8 bits" />
        <Parity v="None" />
        <Stop_bits v="1" />
        <Loop_mode v="Normal" />
        <Baud_rate v="38400 baud" />
        <Wakeup_condition v="Idle line wakeup" />
        <Stop_in_wait_mode v="no" />
        <Idle_line_mode v="Starts after start bit" />
        <Transmitter_output v="Not inverted" />
        <Receiver_input v="Not inverted" />
        <Break_generation_length v="10/11 bits" />
        <boolgroup name="Receiver" v="Enabled">
          <RxD v="TSI0_CH2/PTA1/UART0_RX/TPM2_CH0" />
        </boolgroup>
        <boolgroup name="Transmitter" v="Enabled">
          <TxD v="TSI0_CH3/PTA2/UART0_TX/TPM2_CH1" />
        </boolgroup>
        <enumgroup name="Flow control" v="None">
          <EmptySection_DummyValue />
        </enumgroup>
      </group>
      <group name="Initialization">
        <Enabled_in_init__code v="yes" />
        <group name="Event mask">
          <OnBlockSent v="Enabled" />
          <OnBlockReceived v="Enabled" />
          <OnTxComplete v="Disabled" />
          <OnError v="Disabled" />
          <OnBreak v="Disabled" />
        </group>
      </group>
    </Properties>
    <Methods>
      <Init v="generate code" />
      <Deinit v="don&amp;apos;t generate code" />
      <Enable v="don&amp;apos;t generate code" />
      <Disable v="don&amp;apos;t generate code" />
      <SendBlock v="generate code" />
      <ReceiveBlock v="generate code" />
      <CancelBlockTransmission v="don&amp;apos;t generate code" />
      <CancelBlockReception v="don&amp;apos;t generate code" />
      <GetError v="don&amp;apos;t generate code" />
      <GetSentDataNum v="don&amp;apos;t generate code" />
      <GetReceivedDataNum v="don&amp;apos;t generate code" />
      <GetTxCompleteStatus v="don&amp;apos;t generate code" />
      <SetEventMask v="don&amp;apos;t generate code" />
      <GetEventMask v="don&amp;apos;t generate code" />
      <SelectBaudRate v="don&amp;apos;t generate code" />
      <GetSelectedBaudRate v="don&amp;apos;t generate code" />
      <SetParity v="don&amp;apos;t generate code" />
      <GetParity v="don&amp;apos;t generate code" />
      <SetDataWidth v="don&amp;apos;t generate code" />
      <GetDataWidth v="don&amp;apos;t generate code" />
      <SetStopBitLength v="don&amp;apos;t generate code" />
      <GetStopBitLength v="don&amp;apos;t generate code" />
      <SetLoopMode v="don&amp;apos;t generate code" />
      <GetLoopMode v="don&amp;apos;t generate code" />
      <GetStats v="don&amp;apos;t generate code" />
      <ClearStats v="don&amp;apos;t generate code" />
      <SendBreak v="don&amp;apos;t generate code" />
      <GetBreak v="don&amp;apos;t generate code" />
      <TurnTxOn v="don&amp;apos;t generate code" />
      <TurnTxOff v="don&amp;apos;t generate code" />
      <TurnRxOn v="don&amp;apos;t generate code" />
      <TurnRxOff v="don&amp;apos;t generate code" />
      <ConnectPin v="don&amp;apos;t generate code" />
      <Main v="don&amp;apos;t generate code" />
      <SetOperationMode v="don&amp;apos;t generate code" />
      <GetDriverState v="don&amp;apos;t generate code" />
    </Methods>
    <Events>
      <Event_module_name v="Events" />
      <event name="OnBlockReceived" v="generate code">
        <Event_procedure_name v="AS1_OnBlockReceived" />
      </event>
      <event name="OnBlockSent" v="generate code">
        <Event_procedure_name v="AS1_OnBlockSent" />
      </event>
      <event name="OnBreak" v="don&amp;apos;t generate code" />
      <event name="OnError" v="don&amp;apos;t generate code" />
      <event name="OnTxComplete" v="don&amp;apos;t generate code" />
    </Events>
  </Bean>
  <Bean name="RxBuf" type="RingBufferUInt8">
    <Enabled v="Y" />
    <Properties>
      <Component_name v="RxBuf" />
      <Buffer_Size v="64" />
    </Properties>
    <Methods>
      <Put v="generate code" />
      <Get v="generate code" />
      <NofElements v="generate code" />
      <NofFreeElements v="generate code" />
      <Init v="generate code" />
    </Methods>
    <Events>
      <Event_module_name v="Events" />
      <event name="OnBufferFull" v="don&amp;apos;t generate code" />
      <event name="OnBufferEmpty" v="don&amp;apos;t generate code" />
    </Events>
  </Bean>
  <Bean name="TSS1" type="TSS_Library">
    <Enabled v="Y" />
    <Properties>
      <Component_Name v="TSS1" />
      <TSS_Version v="TSS_3_1" />
      <enumgroup name="KeyDetector Version" v="Basic">
        <Delta_Log v="yes" />
        <Signal_Log v="yes" />
      </enumgroup>
      <boolgroup name="Noise Mode" v="Disabled" />
      <boolgroup name="FreeMASTER GUI" v="no" />
      <Simple_Low_Level v="no" />
      <Control_Private_Data v="no" />
      <Diagnostic_Messages v="no" />
      <group name="Signal Control Options">
        <boolgroup name="GPIO Method Relevant" v="Disabled" />
        <IIR_Filter v="yes" />
        <Signal_Shielding v="no" />
        <Signal_Divider v="no" />
        <Signal_Multiplier v="no" />
      </group>
      <boolgroup name="Automatic Sensitivity Calibration" v="Enabled">
        <Initialization_Duration v="100" />
        <Manual_Initial_Sensitivity v="no" />
        <Low_Limit v="no" />
      </boolgroup>
      <boolgroup name="Baseline Initialization" v="Enabled">
        <Duration v="15" />
      </boolgroup>
      <boolgroup name="System Trigger" v="Enabled">
        <enumgroup name="Auto Trigger" v="UNUSED">
          <EmptySection_DummyValue />
        </enumgroup>
        <boolgroup name=" Config Registers Init" v="Enabled">
          <enumgroup name="System Trigger Mode" v="ALWAYS">
            <EmptySection_DummyValue />
          </enumgroup>
        </boolgroup>
      </boolgroup>
      <group name="Low Power &amp;amp; Proximity">
        <boolgroup name="Low Power" v="Disabled" />
        <boolgroup name="Config Registers Init" v="Disabled" />
      </group>
      <group name="Code Size Reduction">
        <Data_Corruption_Check v="Enabled" />
        <Stuck_key_Function v="Enabled" />
        <Negative_Baseline_Drop v="Enabled" />
        <Automatic_HW_Recalibration v="Enabled" />
      </group>
      <list name="Number of Electrodes" v="2">
        <group name="Electrode0">
          <enumgroup name="Sensing Method" v="TSI Module">
            <TSI_Channel v="TSI0_CH9/PTB16/SPI1_MOSI/UART0_RX/TPM_CLKIN0/SPI1_MISO" />
            <TSI_Device v="TSI0" />
            <TSI_Interrupt v="INT_TSI0" />
          </enumgroup>
          <boolgroup name="Signal Shielding" v="Disabled" />
          <boolgroup name="Signal Divider" v="Disabled" />
          <boolgroup name="Signal Multiplier" v="Disabled" />
          <boolgroup name="Config Registers Init" v="Enabled">
            <Electrode_Enabled v="auto" />
            <Electrode_Sensitivity v="63" />
            <DC_Tracker_Enabled v="yes" />
            <boolgroup name="Define Electrode Baseline" v="Disabled" />
          </boolgroup>
        </group>
        <group name="Electrode1">
          <enumgroup name="Sensing Method" v="TSI Module">
            <TSI_Channel v="TSI0_CH10/PTB17/SPI1_MISO/UART0_TX/TPM_CLKIN1/SPI1_MOSI" />
            <TSI_Device v="TSI0" />
            <TSI_Interrupt v="INT_TSI0" />
          </enumgroup>
          <boolgroup name="Signal Shielding" v="Disabled" />
          <boolgroup name="Signal Divider" v="Disabled" />
          <boolgroup name="Signal Multiplier" v="Disabled" />
          <boolgroup name="Config Registers Init" v="Enabled">
            <Electrode_Enabled v="auto" />
            <Electrode_Sensitivity v="63" />
            <DC_Tracker_Enabled v="yes" />
            <boolgroup name="Define Electrode Baseline" v="Disabled" />
          </boolgroup>
        </group>
      </list>
      <list name="Number of Controls" v="0">
        <EmptySection_DummyValue />
      </list>
      <group name="Sensor Settings">
        <boolgroup name="Timers" v="Disabled" />
        <boolgroup name="TSI Module" v="Enabled">
          <group name="Auto Calibration">
            <Resolution v="11" />
            <boolgroup name="Calibration Limits" v="Disabled" />
          </group>
          <boolgroup name="Proximity Auto Calibration" v="Disabled" />
          <boolgroup name="Clock Settings" v="Disabled" />
          <boolgroup name="Scan Settings" v="Disabled" />
        </boolgroup>
      </group>
      <boolgroup name="TSS Config Registers Init" v="Enabled">
        <group name="System Configuration Register">
          <System_Enabled v="yes" />
          <SWI_Enabled v="no" />
          <DC_Tracker_Enabled v="yes" />
          <Stuck_key_Enabled v="no" />
          <Water_Tolerance_Enabled v="no" />
          <Proximity_Enabled v="no" />
          <LowPower_Enabled v="no" />
        </group>
        <Number_of_Samples v="8" />
        <DC_Tracker_Rate v="100" />
        <Slow_DC_Tracker_Factor v="100" />
        <Response_Time v="4" />
        <Stuck_keyTimeout v="0" />
      </boolgroup>
      <group name="Install Files">
        <TSS_Library v="yes" />
      </group>
      <group name="Initialization">
        <Call_Configure_Method v="no" />
        <Init_Callbacks v="yes" />
      </group>
    </Properties>
    <Methods>
      <Configure v="generate code" />
    </Methods>
    <Events>
      <Event_module_name v="Events" />
      <event name="fOnFault" v="generate code">
        <Event_procedure_name v="TSS1_fOnFault" />
      </event>
      <event name="fOnInit" v="generate code">
        <Event_procedure_name v="TSS1_fOnInit" />
      </event>
      <event name="fOnProximity" v="don&amp;apos;t generate code" />
      <event name="fCallBack0" v="don&amp;apos;t generate code" />
      <event name="fCallBack1" v="don&amp;apos;t generate code" />
      <event name="fCallBack2" v="don&amp;apos;t generate code" />
      <event name="fCallBack3" v="don&amp;apos;t generate code" />
      <event name="fCallBack4" v="don&amp;apos;t generate code" />
      <event name="fCallBack5" v="don&amp;apos;t generate code" />
      <event name="fCallBack6" v="don&amp;apos;t generate code" />
      <event name="fCallBack7" v="don&amp;apos;t generate code" />
      <event name="fCallBack8" v="don&amp;apos;t generate code" />
      <event name="fCallBack9" v="don&amp;apos;t generate code" />
      <event name="fCallBack10" v="don&amp;apos;t generate code" />
      <event name="fCallBack11" v="don&amp;apos;t generate code" />
      <event name="fCallBack12" v="don&amp;apos;t generate code" />
      <event name="fCallBack13" v="don&amp;apos;t generate code" />
      <event name="fCallBack14" v="don&amp;apos;t generate code" />
      <event name="fCallBack15" v="don&amp;apos;t generate code" />
    </Events>
  </Bean>
</PE_PROJECT_SETTINGS_DOCUMENTATION>

